"id","area_cm2","perimeter_cm"
"AC1252_F7_T_A_C","2119.62517175597","234.626370667126"
"AL0695_F5_T_A2_C","940.756730826886","264.829976309069"
